<?xml version="1.0" encoding="UTF-8"?>
<T3locallangExt>
  <data type="array">
    <languageKey index="ru" type="array">
			<label index="action.add">Добавить задачу</label>
			<label index="action.edit">Править задачу</label>
			<label index="action.run_task">Запустить задачу</label>
			<label index="button.cancel">Отмена</label>
			<label index="function.check">Настройка проверки</label>
			<label index="function.info">Информация</label>
			<label index="function.scheduler">Запланированные задачи</label>
			<label index="hdg.cliScript">Сценарий CLI</label>
			<label index="hdg.lastRun">Последний запуск</label>
			<label index="hdg.schedulerUser">Планировщик TYPO3 внутреннего пользователя</label>
			<label index="label.automatically">автоматически</label>
			<label index="label.cachingFrameworkGarbageCollection.selectBackends">Типы внутреннего интерфейса</label>
			<label index="label.checkAll">Все выбрать/убрать</label>
			<label index="label.class">Класс</label>
			<label index="label.cron">Cron</label>
			<label index="label.defType">Тип определения</label>
			<label index="label.defType.cron">Команда cron</label>
			<label index="label.defType.interval">Интервал</label>
			<label index="label.description">Описание</label>
			<label index="label.email">Email</label>
			<label index="label.end">Окончание (ЧЧ:ММ ДД-ММ-ГГГГ)</label>
			<label index="label.executeSelected">Выполнить выбранные задачи</label>
			<label index="label.extension">Расширение</label>
			<label index="label.fileStorageExtraction.fileCount">Количество файлов за проход</label>
			<label index="label.fileStorageExtraction.registeredExtractors"/>
			<label index="label.fileStorageExtraction.registeredExtractors.extractor"/>
			<label index="label.fileStorageExtraction.registeredExtractors.with_extractors"/>
			<label index="label.fileStorageExtraction.registeredExtractors.without_extractors"/>
			<label index="label.fileStorageIndexing.storage">Индексация хранилища</label>
			<label index="label.frequency">Частота</label>
			<label index="label.frequency.long">Частота (секунды или команда cron)</label>
			<label index="label.group">Группа задач</label>
			<label index="label.id">ID</label>
			<label index="label.lastExecution">Последнее выполнение</label>
			<label index="label.manual">Ручное</label>
			<label index="label.manually">вручную</label>
			<label index="label.name">Название</label>
			<label index="label.nextExecution">Следующее выполнение</label>
			<label index="label.parallel">Параллельное выполнение</label>
			<label index="label.parallel.long">Разрешить параллельное выполнение</label>
			<label index="label.recyclerGarbageCollection.numberOfDays">Количество дней до удаления файлов</label>
			<label index="label.serverTime">Время на сервере</label>
			<label index="label.sleepTime">Отсрочка</label>
			<label index="label.start">Начало (ЧЧ:ММ ДД-ММ-ГГГГ)</label>
			<label index="label.tableGarbageCollection.additionalInformationAllTables">Все таблицы</label>
			<label index="label.tableGarbageCollection.additionalInformationTable">Таблица: %s</label>
			<label index="label.tableGarbageCollection.allTables">Очистить все доступные таблицы</label>
			<label index="label.tableGarbageCollection.numberOfDays">Удаление записей, созданных ранее указанного количества дней</label>
			<label index="label.tableGarbageCollection.table">Таблицы для очистки</label>
			<label index="label.type">Тип</label>
			<label index="label.type.recurring">Повторяющаяся</label>
			<label index="label.type.single">Единичная</label>
			<label index="msg.addError">Задача не может быть добавлена.</label>
			<label index="msg.addSuccess">Задачу успешно добавлена.</label>
			<label index="msg.cliScript">Сценарий для выполнения Планировщика из командной строки: &lt;strong&gt;"%s scheduler"&lt;/strong&gt;.</label>
			<label index="msg.cliScriptExecutable">Пользователю сервера позволено выполнять этот сценарий.</label>
			<label index="msg.cliScriptNotExecutable">Пользователю сервера не позволено выполнять этот сценарий.</label>
			<label index="msg.delete">Подтвердите удаление этой задачи</label>
			<label index="msg.deleteError">Задача не может быть удалена</label>
			<label index="msg.deleteSuccess">Задача успешно удалена</label>
			<label index="msg.endDateSmallerThanStartDate">Дата окончания предшествует дате начала.</label>
			<label index="msg.executed">Выполняется: %s</label>
			<label index="msg.executionFailed">Выполнение задачи "%1$s" потерпело неудачу, сообщение об этом: %2$s</label>
			<label index="msg.executionFailureDefault">Ошибка выполнения, но сообщение об ошибке не может быть получено (возможно, оно слишком большое). Извините.</label>
			<label index="msg.executionFailureReport">Ошибка выполнения: %1$d, %2$s</label>
			<label index="msg.frequencyError">Неверная частота. Введите либо количество секунд, либо правильную команду cron. Анализатор cron выдал: %1$s [код: %2$d].</label>
			<label index="msg.incompleteLastRun">Информация о последнем выполнении Планировщика неполная.</label>
			<label index="msg.infoScreenIntro">Это – список всех доступных задач в этой установке TYPO3. Нажатие на значке справа создаст новую запланированную задачу выбранного типа.</label>
			<label index="msg.invalidEndDate">Дата окончания неверна.</label>
			<label index="msg.invalidFrequency">Неправильная частота. Введите либо количество секунд, либо правильную команду cron.</label>
			<label index="msg.invalidNumberOfDays">Неверное количество дней.</label>
			<label index="msg.invalidSleepTime">Введите время отсрочки больше или равное нулю.</label>
			<label index="msg.invalidStartDate">Дата начала неверна.</label>
			<label index="msg.invalidTaskClass">Не найден класс %s зарегистрированной задачи. Следует повторно установить расширение, которое его предоставило, или просто удалить эту задачу.</label>
			<label index="msg.invalidTaskClassEdit">Не найден текущий класс (%s). Измените его ниже или рассмотрите удаление всей задачи.</label>
			<label index="msg.lastRun">Последнее срабатывание планировщика (%1$s) было %2$s в %3$s и завершилось %4$s в %5$s.</label>
			<label index="msg.maynotDeleteRunningTask">Выполняющаяся задача не может быть удалена.</label>
			<label index="msg.maynotEditRunningTask">Выполняющаяся задача не может быть отредактирована.</label>
			<label index="msg.maynotStopNonRunningTask">Задача не выполняется. Нет выполняющихся задач для снятия выделения.</label>
			<label index="msg.noCacheBackendSelected">Выберете хотя бы один кеш внутреннего интерфейса.</label>
			<label index="msg.noEmail">Введите email адрес.</label>
			<label index="msg.noFrequency">Частота в виде интервала или команды cron не определена.</label>
			<label index="msg.noLastRun">Планировщик еще не запускался, либо информация о последнем выполнении была потеряна.</label>
			<label index="msg.noStartDate">Определите дату начала.</label>
			<label index="msg.noTaskClassFound">Задача выбранного класса не найдена. Возможно следует связаться с разработчиками.</label>
			<label index="msg.noTasks">Задачи еще не определены.</label>
			<label index="msg.noTasksDefined">На данный момент классы задач совсем недоступны. Чтобы получить возможность содания новых задач, необходимо либо включить образцы из планировщика, либо установить расширения, относящиеся к планировщику.</label>
			<label index="msg.notExecuted">Не выполнено: %s</label>
			<label index="msg.schedulerSetupCheck">В этом диалоге проверяются условия, необходимые для выполнения планировщика в виде задания cron. Также отображается информация о последнем выполнении планировщика.</label>
			<label index="msg.schedulerUser">Внутренний пользователь "_cli_scheduler" используется сценарием CLI для регистрации в TYPO3. У этого пользователя не может быть прав доступа администратора. Пароль пользователя не важен, но должен быть установлен по соображениям безопасности.</label>
			<label index="msg.schedulerUserFound">Был найден внутренний пользователь "_cli_scheduler".</label>
			<label index="msg.schedulerUserFoundButDisabled">Внутренний пользователь "_cli_scheduler" существует, но временно отключен.</label>
			<label index="msg.schedulerUserMissing">Не найден внутренний пользователь "_cli_scheduler". &lt;a href="%s" title="Нажмите для создания недостающего пользователя"&gt;Создать пользователя&lt;/a&gt;</label>
			<label index="msg.selectionOfNonExistingCacheBackends">Не существуют некоторые кеши внутреннего интерфейса из выбранных. Выберете только правильные.</label>
			<label index="msg.serverTime">Текущее время на сервере: %s.</label>
			<label index="msg.serverTimeHelp">Все данные и время в планировщике измеряются согласно времени на сервере, так как он является частью программного обеспечения сервера.</label>
			<label index="msg.stop">Настаиваете на отметке этой задачи не выполняющейся? Помните, что это не остановит фактический сценарий (если не уверены, прочитайте руководство).</label>
			<label index="msg.stopError">Задача не может быть отмечена как не выполняющаяся.</label>
			<label index="msg.stopSuccess">Задача отмечена как не выполняющаяся.</label>
			<label index="msg.taskNotFound">Не найдена запрашиваемая задача (UID: %d).</label>
			<label index="msg.updateError">Задача не может быть обновлена.</label>
			<label index="msg.updateSuccess">Задача успешно обновлена.</label>
			<label index="msg.userCreated">Успешно создан пользователь "_cli_scheduler".</label>
			<label index="msg.userExists">Пользователь "_cli_scheduler" уже существует. Он не был создан.</label>
			<label index="msg.userNotCreated">Создание пользователя "_cli_scheduler" завершилось неудачно.</label>
			<label index="none">Нет</label>
			<label index="status">Состояние</label>
			<label index="status.disabled">отключено</label>
			<label index="status.failure">сбой</label>
			<label index="status.late">отложено</label>
			<label index="status.legend">Обозначение состояния</label>
			<label index="status.legend.disabled">Отключено, выполняться, кроме как вручную, не будет</label>
			<label index="status.legend.failure">Сбой! Во время последнего выполнения произошла ошибка (наведите на маркер, чтобы узнать подробности)</label>
			<label index="status.legend.late">Отложено, будет выполнено в следующий раз</label>
			<label index="status.legend.running">Выполняется в данный момент</label>
			<label index="status.legend.scheduled">Запланировано, будет запущено при следующей возможности</label>
			<label index="status.progress">Прогресс</label>
			<label index="status.running">выполняется</label>
			<label index="status.scheduled">запланировано</label>
			<label index="task">Задача</label>
			<label index="title">Модуль управления планировщиком TYPO3</label>
		</languageKey>
  </data>
</T3locallangExt>
