<?xml version="1.0" encoding="UTF-8"?>
<T3locallangExt>
  <data type="array">
    <languageKey index="ru" type="array">
			<label index="toolbaritem">Открытые и недавно использовавшиеся документы</label>
			<label index="open_docs">Открытые документы</label>
			<label index="recent_docs">Недавно использовавшиеся документы</label>
			<label index="no_docs">В текущий момент нет открытых документов</label>
		</languageKey>
  </data>
</T3locallangExt>
