<?xml version="1.0" encoding="UTF-8"?>
<T3locallangExt>
  <data type="array">
    <languageKey index="ru" type="array">
      <label index="checkboxes.description">Поставьте соответствующие флажки для учета или игнорирования соответствующих неработающих ссылок.</label>
      <label index="tablehead_path.description">Путь к элементу содержимого, содержащему неработающую ссылку.</label>
      <label index="tablehead_element.description">Тип элемента, содержащего неработающую ссылку, его заголовок и поле, в котором находится неработающая ссылка.</label>
      <label index="tablehead_headlink.description">Текст ссылки.</label>
      <label index="tablehead_linktarget.description">URL, на который указывает неработающая ссылка.</label>
      <label index="tablehead_linkmessage.description">Статус ссылки.</label>
      <label index="tablehead_lastcheck.description">Дата и время последнего обновления информации в каждой из строк таблицы.</label>
      <label index="task_page.alttitle">Начальная страница задачи</label>
      <label index="task_page.description">UID начальной страницы этой задачи.</label>
      <label index="task_depth.alttitle">Глубина задачи</label>
      <label index="task_depth.description">Уровень страниц, который должна проверять задача.</label>
      <label index="task_configuration.alttitle">Специфичный код TSconfig</label>
      <label index="task_configuration.description">Код TSconfig, определяющий настройки проверки ссылок и используемый для этой задачи.</label>
      <label index="task_email.alttitle">Адрес email</label>
      <label index="task_email.description">Адрес email, на который отправлен отчет.</label>
      <label index="task_emailonbrokenlinkonly.alttitle">Параметры почты</label>
      <label index="task_emailonbrokenlinkonly.description">Отсылать письмо, только если найдены новые неработающие ссылки.</label>
      <label index="task_emailfile.alttitle">Файл шаблона для письма</label>
      <label index="task_emailfile.description">Шаблон, используемый для письма.</label>
    </languageKey>
  </data>
</T3locallangExt>
