<?xml version="1.0" encoding="UTF-8"?>
<T3locallangExt>
  <data type="array">
    <languageKey index="ru" type="array">
			<label index="allowPreviewOfWholeWorkspace">Разрешить предварительный просмотр всей рабочей области</label>
			<label index="approveAllToPublish">Все одобрено для публикации</label>
			<label index="approveForPublishing">Утвердить для публикации</label>
			<label index="approveToPublish">Для публикации одобрено %s элемент(а/ов).</label>
			<label index="archive">Архив</label>
			<label index="autopublishTask.description">Эта задача проверяет рабочие области, имеющие просроченные даты публикации и автоматически публикует их.</label>
			<label index="autopublishTask.name">Автоматическая публикация областей</label>
			<label index="branch">[Ветвь]</label>
			<label index="change">разница:</label>
			<label index="clickAPage_content">Выберете страницу в дереве страниц, чтобы вывести модуль управления версиями.</label>
			<label index="clickAPage_header">Модуль Веб&gt;Версии</label>
			<label index="cmdPid0">Страница: Страница + содержимое</label>
			<label index="cmdPid1">Элемент: лишь одна запись</label>
			<label index="cmdPid100">Ветвь: все вложенные страницы</label>
			<label index="coloredDiffView">Режим отличий с окрашиванием</label>
			<label index="comment">Комментарий:</label>
			<label index="commentForPublisher">Комментарии для издателя:</label>
			<label index="commentForReviewer">Комментарии для рецензента:</label>
			<label index="completeMatch">Полное соответствие по редактируемым полям.</label>
			<label index="controls">Управление:</label>
			<label index="createNewVersion">Создать новую версию</label>
			<label index="currentOnlineVersion">ТЕКУЩАЯ ВЕРСИЯ НА САЙТЕ!</label>
			<label index="defaultDraft">[Черновик по умолчанию]</label>
			<label index="deletedElement">Удаленный элемент</label>
			<label index="diff">Отличия</label>
			<label index="diffing">ОТЛИЧИЯ</label>
			<label index="diffToLiveElement">Отличия от элемента на сайте:</label>
			<label index="draft">Черновик</label>
			<label index="draftWorkspaces">Черновые области</label>
			<label index="editing">Правка</label>
			<label index="element">[Элемент]</label>
			<label index="errorDiffSources">ОШИБКА: для просмотра отличий нельзя использовать несколько источников!</label>
			<label index="errorRecordsNotFound">ОШИБКА: странное отсутствие записей!</label>
			<label index="errors">Ошибки:</label>
			<label index="fieldname">Название поля</label>
			<label index="filter_all">Все</label>
			<label index="filter_archive">Архив</label>
			<label index="filter_drafts">Черновики</label>
			<label index="goBack">Щелкните для возврата:</label>
			<label index="lifecycle">Жизненный цикл</label>
			<label index="live">САЙТ</label>
			<label index="liveVersion">Версия на сайте:</label>
			<label index="liveWorkspace">[Сайт]</label>
			<label index="mlang_labels_tabdescr">Модуль Веб&gt;Версии предоставляет доступ к функционалу управления версиями для дерева страниц.</label>
			<label index="mlang_labels_tablabel">Управление версиями страниц и содержимого, а также управление рабочими областями страниц.</label>
			<label index="mlang_tabs_tab">Версии</label>
			<label index="moveToPlaceholder">Переместить к заполнителю (месту назначения)</label>
			<label index="moveToPointer">Переместить к указателю (источнику)</label>
			<label index="multipleVersions">Несколько версий в одной области!</label>
			<label index="newElement">Новый элемент</label>
			<label index="notAvailable">Н/Д</label>
			<label index="offline">[Автономно]</label>
			<label index="otherVersions">Другая(ие) версия(ии) в области</label>
			<label index="page">[Страница]</label>
			<label index="previewInstruction">Можно посмотреть страницу из рабочей области, используя эту ссылку в течение %s следующих часов (без авторизации во внутреннем интерфейсе):</label>
			<label index="previewLink">Ссылка на просмотр</label>
			<label index="previewUrl">Просмотр Url:</label>
			<label index="publish">Публиковать</label>
			<label index="publishedXTimes">Опубликовано %s раз</label>
			<label index="publishPage">Публикация страницы</label>
			<label index="publishPageQuestion">Подтверждаете публикацию всего содержимого %sэтой страницы?</label>
			<label index="publishPageQuestionStage">на стадии "публикации"</label>
			<label index="recordsMatchesCompletely">Полное соответствие записей по всем редактируемым полям!</label>
			<label index="refresh">Обновить</label>
			<label index="rejected">Отклонено</label>
			<label index="rejectExplain">Причина отклонения:</label>
			<label index="removeFromWorkspace">Изъять из рабочей области</label>
			<label index="resetStage">Сбросить стадию</label>
			<label index="review">Рецензия</label>
			<label index="sendAllToReview">Переслать на рецензию все</label>
			<label index="sendItemsToReview">На рецензию отослан(о) %s элемент(а/ов).</label>
			<label index="sendToReview">Переслать на рецензию</label>
			<label index="showAllInformation">Вывести полную информацию</label>
			<label index="showDiffView">Вывести режим отличий</label>
			<label index="showLog">Вывести журнал</label>
			<label index="stage.approvedForPublish">одобрено для "публикации"</label>
			<label index="stage.rejectedElement">отклонить элемент!</label>
			<label index="stage.resetToEdit">вернуть на "правку"</label>
			<label index="stage.sentToReview">отослать элемент на "рецензию"</label>
			<label index="stage.undefined">[неопределено]</label>
			<label index="subElements">[Вложенные элементы]</label>
			<label index="subElementsClick">[Вложенные элементы, щелкните для деталей]</label>
			<label index="swap">Обмен</label>
			<label index="swapPage">Обмен страницы</label>
			<label index="swapPageQuestion">Подтверждаете публикацию (обмен) всего содержимого %sэтой страницы?</label>
			<label index="swapWithCurrent">ОБМЕН с текущим</label>
			<label index="tblHeaderDesc_pid">Page ID</label>
			<label index="tblHeaderDesc_t3ver_count">t3ver_count - Счетчик жизненного цикла. Увеличивается при каждой снятии элемента с публикации.</label>
			<label index="tblHeaderDesc_t3ver_id">t3ver_id - номер версии, приращиваемое целое</label>
			<label index="tblHeaderDesc_t3ver_label">Метка</label>
			<label index="tblHeaderDesc_t3ver_oid">t3ver_oid - ссылка на UID текущей версии</label>
			<label index="tblHeaderDesc_t3ver_stage">t3ver_stage - стадии публикации: редактирование (0), рецензия (1), публикация (10), отклонено (-1).</label>
			<label index="tblHeaderDesc_t3ver_state">t3ver_state - специальные состояния версии: 1=заполнитель для "нового". 2=помечено удаленным.</label>
			<label index="tblHeaderDesc_t3ver_wsid">t3ver_wsid - Workspace ID. Может существовать лишь одна версия элемента для ID (за исключением нулевого ID).</label>
			<label index="tblHeaderDesc_title">Заголовок элемента</label>
			<label index="tblHeaderDesc_uid">Уникальный ID элемента</label>
			<label index="tblHeader_pid">pid</label>
			<label index="tblHeader_t3ver_count">счетчик</label>
			<label index="tblHeader_t3ver_id">id</label>
			<label index="tblHeader_t3ver_label">Метка</label>
			<label index="tblHeader_t3ver_oid">oid</label>
			<label index="tblHeader_t3ver_stage">стадия</label>
			<label index="tblHeader_t3ver_state">состояние</label>
			<label index="tblHeader_t3ver_wsid">wsid</label>
			<label index="tblHeader_title">Загловок</label>
			<label index="tblHeader_uid">UID</label>
			<label index="title">Версии</label>
			<label index="title_review">Отправить на рецензию/публиковать</label>
			<label index="undefined">Неопределенно</label>
			<label index="userComment">Комментарии пользователя</label>
			<label index="versionDetails">Сведения по версии</label>
			<label index="versionId">ID:</label>
			<label index="versionInVersion">Версия внутри версии!</label>
			<label index="versionSelect.inBranch">Внутри ветви, дополнительные версии невозможны</label>
			<label index="versionSelect.label">Версии этой страницы:</label>
			<label index="versionSelect.live">Версия на САЙТЕ</label>
			<label index="versionSelect.publish">Публикация страницы</label>
			<label index="versionSelect.versionsFound">Версии находятся на странице, версии "Страницы" невозможны</label>
			<label index="workspace">Рабочая область</label>
			<label index="workspaceId">Id области:</label>
			<label index="wsManagement">Управление рабочими областями</label>
			<label index="wsVersions">Версия в рабочей области:</label>
		</languageKey>
  </data>
</T3locallangExt>
