<?xml version="1.0" encoding="UTF-8"?>
<T3locallangExt>
  <data type="array">
    <languageKey index="ru" type="array">
			<label index="assign_to_groups.description">Выберете группы внутренних пользователей, которые смогут выполнять действие в Центре заданий.</label>
			<label index=".description">"Действия" – это настройка определенных задач, которые могут осуществляться назначенной через Центр заданий группой пользователей.</label>
			<label index="description.description">Опишите, что делает или позволяет сделать это действие.</label>
			<label index=".details">На данный момент Действия могут быть настроены на создание дополнительной группы внутренних пользователей, без уже созданных пользователей и администраторов и выбор ограничен несколькими параметрами. Другой параметр позволяет действию создать запрос SQL SELECT в базу данных и возвратить результат в виде CSV файла. Действия могуть быть назначены на группу внутренних пользователей и производиться одним щелчком в Центре заданий.</label>
			<label index="hidden.description">Включите этот параметр, если хотите сделать недоступным действие для пользователей без административных прав.</label>
			<label index="hidden.details">Этот параметр - отличный способ отключить действие на время его изменения, так как оно все еще доступно для пользователей администраторов, например в качестве теста.</label>
			<label index="t1_allowed_groups.description">Введите группы внутренних пользователей, пользователи которых могут быть выбраны (любой).</label>
			<label index="t1_copy_of_user.description">Вставьте текущего внутреннего пользователя, который будет использоваться как шаблон для создания новых пользователей.</label>
			<label index="t1_copy_of_user.details">Для нового пользователя будет скопированы все значения, за исключением имени пользователя, пароля, имени и email. Если шаблонный пользователь – член группы, которая не определа в "Группах, которые могут быть назначены через действие", эта группа останется в настройках пользователя и не может быть удалена пользователем, выполняющим действие.</label>
			<label index="t1_create_user_dir.description">Если включено, при создании пользователя, также создается его личная директория.</label>
			<label index="t1_create_user_dir.details">&lt;strong&gt;Примечание:&lt;/strong&gt; $TYPO3_CONF_VARS["BE"]["userHomePath"] должна быть правильно настроена, вместе с $TYPO3_CONF_VARS["BE"]["lockRootPath"] и доступна для записи!</label>
			<label index="t1_userprefix.description">Введите префикс, который принудительно назначается новому имени пользователя (напр. "news_")</label>
			<label index="t3_listPid.description">[FILL IN] sys_action-&gt;t3_listPid</label>
			<label index="t3_tables.description">[FILL IN] sys_action-&gt;t3_tables</label>
			<label index="t4_recordsToEdit.description">[FILL IN] sys_action-&gt;t4_recordsToEdit</label>
			<label index="title.description">Введите название действия. Оно будет показано в списке доступных действий в Центре заданий.</label>
			<label index="type.description">Выбор типа действия.</label>
			<label index="type.details">&lt;strong&gt;"Создать внутреннего пользователя"&lt;/strong&gt; позволяет создать внутреннего пользователя с ограниченным набором параметров. Этот тип действия предназначается для создания полуадминистраторов из Ваших пользователей, который может возглавить ежедневное управление пользователями, но все еще без полных административных привелегий на "вседозволенность". Выбрав эту опцию, вы должны будете ввести "шаблонного" пользователя, назначив префикс, который будет автоматически даваться новым пользователям, и выбрать будет или нет для него создаваться директория. И наконец, вы сможете выбрать ограниченное количество групп пользователей, из которых можно выбирать пользователя. &lt;strong&gt;"SQL-запрос"&lt;/strong&gt; позволяет создать определенный SQL SELECT-запрос к базе данных, возвращаемый в виде CSV списка. При создании такого типа действий, нужно перейти в модуль Инструменты администрирования&gt;Проверка БД и ввести параметр Пользовательского запроса. Здесь вы сможете определить свой SQL-запрос. Когда вы точно определите, что хотите, можете выбрать действие (по названию) и сохранить запрос в этом действии. С этого момента оно будет действовать из Центра заданий. (Помните, что форма вывода, выбранная в Пользовательском запросе также сохраняется, так что удостоверьтесь, что выбрали там CSV вывод!)</label>
		</languageKey>
  </data>
</T3locallangExt>
