<?xml version="1.0" encoding="UTF-8"?>
<T3locallangExt>
  <data type="array">
    <languageKey index="ru" type="array">
      <label index="title">Управление понятными URL</label>
      <label index="no_page_id">Выберете страницу в дереве страниц</label>
      <label index="depth">Глубина:</label>
      <label index="function">Показать:</label>
      <label index="default_language">По умолчанию</label>
      <label index="all_languages">Все</label>
      <label index="language">Язык:</label>
      <label index="search_path">Путь:</label>
      <label index="look_up">Поиск</label>
      <label index="show_all">Показать все</label>
      <label index="displaying_results">Результаты %1$d-%2$d из %3$d</label>
      <label index="all_domains">-- Все домены --</label>
    </languageKey>
  </data>
</T3locallangExt>
